Condition,FoldChange
Empty,0.045117176
Empty,0.038476205
Empty,0.036211837
Empty,0.026941669
Empty,0.037116905
Empty,0.035394807
Empty,0.038371792
PromOnly,1
PromOnly,1
PromOnly,1
PromOnly,1
PromOnly,1
PromOnly,1
PromOnly,1
Risk,2.900999357
Risk,2.081502949
Risk,1.923278332
Risk,2.822268773
Risk,2.507482193
Risk,2.021565688
Risk,1.95504278
Protective,2.43907428
Protective,1.142058166
Protective,1.506521095
Protective,2.685304553
Protective,2.24593217
Protective,1.989265509
Protective,1.974591652